Ativo,cod_Ativo_guess,cod_Ativo_guess_norm,Fundo
LFT mar 30,LFTMAR30,LFTMAR30,BBRASIL FIM CP RESP
LFT set 28,LFTSET28,LFTSET28,BBRASIL FIM CP RESP
LFT mar 29,LFTMAR29,LFTMAR29,BBRASIL FIM CP RESP
LFT set 29,LFTSET29,LFTSET29,BBRASIL FIM CP RESP
LFT jun 30,LFTJUN30,LFTJUN30,BH FIRF INFRA
NTN-B28,NTNB28,NTNB28,BH FIRF INFRA
NTN-B30,NTNB30,NTNB30,BH FIRF INFRA
LFT mar 27,LFTMAR27,LFTMAR27,BH FIRF INFRA
NTN-B32,NTNB32,NTNB32,BH FIRF INFRA
LFT mar 27,LFTMAR27,LFTMAR27,BMG SEG
LFT mar 26,LFTMAR26,LFTMAR26,BMG SEG
LFT set 26,LFTSET26,LFTSET26,BMG SEG
LFT set 28,LFTSET28,LFTSET28,BMG SEG
LFT set 27,LFTSET27,LFTSET27,BMG SEG
NTN-B30,NTNB30,NTNB30,BMG SEG
NTN-B 29,NTNB29,NTNB29,BMG SEG
LFT mar 27,LFTMAR27,LFTMAR27,BORDEAUX INFRA
LFT set 29,LFTSET29,LFTSET29,BORDEAUX INFRA
LFT jun 30,LFTJUN30,LFTJUN30,FIRF GERAES
LFT mar 30,LFTMAR30,LFTMAR30,FIRF GERAES
LFT set 26,LFTSET26,LFTSET26,FIRF GERAES
LFT mar 26,LFTMAR26,LFTMAR26,FIRF GERAES 30
LFT set 30,LFTSET30,LFTSET30,GLOBAL BONDS
LFT set 26,LFTSET26,LFTSET26,HORIZONTE
LFT mar 28,LFTMAR28,LFTMAR28,HORIZONTE
LFT mar 27,LFTMAR27,LFTMAR27,MANACA INFRA FIRF
LFT jun 30,LFTJUN30,LFTJUN30,MANACA INFRA FIRF
LFT mar 30,LFTMAR30,LFTMAR30,MANACA INFRA FIRF
LFT mar 27,LFTMAR27,LFTMAR27,TOPAZIO INFRA
LFT set 28,LFTSET28,LFTSET28,TOPAZIO INFRA
NTN-B26,NTNB26,NTNB26,TOPAZIO INFRA
PRIOBZ00001,PRIOBZ00001,PRIOBZ00001,HORIZONTE
LF00240072E,LF00240072E,LF00240072E,BMG SEG
CDB3251WXH0,CDB3251WXH0,CDB3251WXH0,BMG SEG
Provisão,PROVISAO,PROVISAO,AF DEB INCENTIVADAS
Provisão,PROVISAO,PROVISAO,ALFA HORIZON FIA
Provisão,PROVISAO,PROVISAO,BBRASIL FIM CP RESP
Provisão,PROVISAO,PROVISAO,BH FIRF INFRA
Provisão,PROVISAO,PROVISAO,BMG SEG
Provisão,PROVISAO,PROVISAO,BORDEAUX INFRA
Provisão,PROVISAO,PROVISAO,FIA MINAS
Provisão,PROVISAO,PROVISAO,FIRF GERAES
Provisão,PROVISAO,PROVISAO,FIRF GERAES 30
Provisão,PROVISAO,PROVISAO,GLOBAL BONDS
Provisão,PROVISAO,PROVISAO,HORIZONTE
Provisão,PROVISAO,PROVISAO,MANACA INFRA FIRF
Provisão,PROVISAO,PROVISAO,MINAS DIVIDENDOS
Provisão,PROVISAO,PROVISAO,MINAS O.N.E. FIA
Provisão,PROVISAO,PROVISAO,ROMEU FC FIM CP IE
Provisão,PROVISAO,PROVISAO,TOPAZIO INFRA
LFSN250093T,LFSN250093T,LFSN250093T,FIRF GERAES
LFSN250093T,LFSN250093T,LFSN250093T,FIRF GERAES 30
LFSN250093T,LFSN250093T,LFSN250093T,HORIZONTE
LFSN1900008,LFSN1900008,LFSN1900008,FIRF GERAES
LFSN1800HXO,LFSN1800HXO,LFSN1800HXO,FIRF GERAES
LFSN1800D4X,LFSN1800D4X,LFSN1800D4X,FIRF GERAES
LFSN1900CR5,LFSN1900CR5,LFSN1900CR5,FIRF GERAES 30
LFSN RCI,LFSNRCI,LFSNRCI,FIRF GERAES
LFSN RCI,LFSNRCI,LFSNRCI,FIRF GERAES 30
LFSN19001BH,LFSN19001BH,LFSN19001BH,BH FIRF INFRA
LFSN210099R,LFSN210099R,LFSN210099R,BH FIRF INFRA
LFSN19006KN,LFSN19006KN,LFSN19006KN,FIRF GERAES
LFSN19006KM,LFSN19006KM,LFSN19006KM,FIRF GERAES 30
LFSN19006KM,LFSN19006KM,LFSN19006KM,HORIZONTE
LFSN210099R,LFSN210099R,LFSN210099R,HORIZONTE
LFSN19006KM,LFSN19006KM,LFSN19006KM,MANACA INFRA FIRF
LFSN1800DIG,LFSN1800DIG,LFSN1800DIG,FIRF GERAES
LFSN2200E75,LFSN2200E75,LFSN2200E75,BH FIRF INFRA
LFSN2200E75,LFSN2200E75,LFSN2200E75,FIRF GERAES
LFSN2200E75,LFSN2200E75,LFSN2200E75,FIRF GERAES 30
LFSN2200E75,LFSN2200E75,LFSN2200E75,HORIZONTE
LFSN2200E75,LFSN2200E75,LFSN2200E75,MANACA INFRA FIRF
LFSN1900971,LFSN1900971,LFSN1900971,BH FIRF INFRA
LFSN19009YU,LFSN19009YU,LFSN19009YU,BH FIRF INFRA
LFSN1900971,LFSN1900971,LFSN1900971,BORDEAUX INFRA
LFSN1900971,LFSN1900971,LFSN1900971,FIRF GERAES
LFSN19009YU,LFSN19009YU,LFSN19009YU,FIRF GERAES
LFSN1900971,LFSN1900971,LFSN1900971,FIRF GERAES 30
LFSN2200G2L,LFSN2200G2L,LFSN2200G2L,FIRF GERAES
LFSN2200G7D,LFSN2200G7D,LFSN2200G7D,FIRF GERAES 30
LFSN2200G2K,LFSN2200G2K,LFSN2200G2K,HORIZONTE
LFSN2200G2M,LFSN2200G2M,LFSN2200G2M,HORIZONTE
LFSN2200G2M,LFSN2200G2M,LFSN2200G2M,MANACA INFRA FIRF
LFSC24000BB,LFSC24000BB,LFSC24000BB,BH FIRF INFRA
LFSC24000BB,LFSC24000BB,LFSC24000BB,FIRF GERAES
LFSC24000BB,LFSC24000BB,LFSC24000BB,FIRF GERAES 30
LFSC24000BB,LFSC24000BB,LFSC24000BB,HORIZONTE
LFSC24000BB,LFSC24000BB,LFSC24000BB,MANACA INFRA FIRF
LFSC24000BB,LFSC24000BB,LFSC24000BB,TOPAZIO INFRA
LFSC22000ZR,LFSC22000ZR,LFSC22000ZR,FIRF GERAES
LFSC22000ZR,LFSC22000ZR,LFSC22000ZR,FIRF GERAES 30
LFSC22000ZR,LFSC22000ZR,LFSC22000ZR,HORIZONTE
LFSC19005L3,LFSC19005L3,LFSC19005L3,BH FIRF INFRA
LFSC190054D,LFSC190054D,LFSC190054D,BH FIRF INFRA
LFSC190054D,LFSC190054D,LFSC190054D,FIRF GERAES
LFSC19005FF,LFSC19005FF,LFSC19005FF,FIRF GERAES 30
LFSC19005L3,LFSC19005L3,LFSC19005L3,FIRF GERAES 30
LFSC190054I,LFSC190054I,LFSC190054I,FIRF GERAES 30
LFSC19005L1,LFSC19005L1,LFSC19005L1,HORIZONTE
LFSC19005FF,LFSC19005FF,LFSC19005FF,HORIZONTE
LFSC190054I,LFSC190054I,LFSC190054I,HORIZONTE
LFSC190054C,LFSC190054C,LFSC190054C,HORIZONTE
LFSC190059S,LFSC190059S,LFSC190059S,HORIZONTE
LFSC190054D,LFSC190054D,LFSC190054D,HORIZONTE
LFSC190054D,LFSC190054D,LFSC190054D,MANACA INFRA FIRF
LFSC25004NH,LFSC25004NH,LFSC25004NH,FIRF GERAES
LFSC25004NH,LFSC25004NH,LFSC25004NH,FIRF GERAES 30
LFSC25004NH,LFSC25004NH,LFSC25004NH,HORIZONTE
LFSC24001JT,LFSC24001JT,LFSC24001JT,BH FIRF INFRA
LFSC24001P6,LFSC24001P6,LFSC24001P6,BH FIRF INFRA
LFSC24001JQ,LFSC24001JQ,LFSC24001JQ,FIRF GERAES
LFSC24001JR,LFSC24001JR,LFSC24001JR,FIRF GERAES 30
LFSC24001JU,LFSC24001JU,LFSC24001JU,HORIZONTE
LFSC24001JS,LFSC24001JS,LFSC24001JS,MANACA INFRA FIRF
LFSC24001P5,LFSC24001P5,LFSC24001P5,TOPAZIO INFRA
LF002305RGO,LF002305RGO,LF002305RGO,BH FIRF INFRA
LF002400951,LF002400951,LF002400951,BH FIRF INFRA
LF002400951,LF002400951,LF002400951,FIRF GERAES
LF002305RFW,LF002305RFW,LF002305RFW,FIRF GERAES
LF002305RFO,LF002305RFO,LF002305RFO,FIRF GERAES
LF002400951,LF002400951,LF002400951,FIRF GERAES 30
LF002305RGL,LF002305RGL,LF002305RGL,HORIZONTE
LF002400951,LF002400951,LF002400951,HORIZONTE
LF002305RG9,LF002305RG9,LF002305RG9,MANACA INFRA FIRF
LF002400951,LF002400951,LF002400951,MANACA INFRA FIRF
LF002400ATX,LF002400ATX,LF002400ATX,BH FIRF INFRA
LF002400BZO,LF002400BZO,LF002400BZO,FIRF GERAES
LF002400BZO,LF002400BZO,LF002400BZO,FIRF GERAES 30
LF0024007OE,LF0024007OE,LF0024007OE,BH FIRF INFRA
LF002400GAO,LF002400GAO,LF002400GAO,FIRF GERAES
LF0024007OE,LF0024007OE,LF0024007OE,FIRF GERAES
LF002400GAO,LF002400GAO,LF002400GAO,FIRF GERAES 30
LF0024007OE,LF0024007OE,LF0024007OE,HORIZONTE
LF0024007OE,LF0024007OE,LF0024007OE,MANACA INFRA FIRF
LF002308CS3,LF002308CS3,LF002308CS3,BBRASIL FIM CP RESP
LF002400LQY,LF002400LQY,LF002400LQY,BBRASIL FIM CP RESP
LF0024008OB,LF0024008OB,LF0024008OB,BMG SEG
LF0024008OB,LF0024008OB,LF0024008OB,FIRF GERAES
LF0024007Y4,LF0024007Y4,LF0024007Y4,FIRF GERAES
LF0023082A5,LF0023082A5,LF0023082A5,BBRASIL FIM CP RESP
LF002400Q09,LF002400Q09,LF002400Q09,BH FIRF INFRA
LF002400Q0C,LF002400Q0C,LF002400Q0C,FIRF GERAES
LF002400Q0B,LF002400Q0B,LF002400Q0B,FIRF GERAES
LF002400Q0D,LF002400Q0D,LF002400Q0D,FIRF GERAES 30
LF002400EY5,LF002400EY5,LF002400EY5,BH FIRF INFRA
LF002400EY5,LF002400EY5,LF002400EY5,FIRF GERAES
LF002400EY5,LF002400EY5,LF002400EY5,FIRF GERAES 30
LF002400EY5,LF002400EY5,LF002400EY5,MANACA INFRA FIRF
LF002400LGY,LF002400LGY,LF002400LGY,BMG SEG
LF002400KBW,LF002400KBW,LF002400KBW,FIRF GERAES
LF002400LGS,LF002400LGS,LF002400LGS,FIRF GERAES
LF002400KBU,LF002400KBU,LF002400KBU,FIRF GERAES
LF002400LGT,LF002400LGT,LF002400LGT,FIRF GERAES
LF002400LGM,LF002400LGM,LF002400LGM,FIRF GERAES
LF002400LGS,LF002400LGS,LF002400LGS,FIRF GERAES 30
LF002400KBY,LF002400KBY,LF002400KBY,FIRF GERAES 30
LF002400KBT,LF002400KBT,LF002400KBT,FIRF GERAES 30
LF002400KBX,LF002400KBX,LF002400KBX,MANACA INFRA FIRF
LF002400KC2,LF002400KC2,LF002400KC2,TOPAZIO INFRA
LF002400GJ4,LF002400GJ4,LF002400GJ4,FIRF GERAES
LF002400ABN,LF002400ABN,LF002400ABN,FIRF GERAES
LF0024008ZU,LF0024008ZU,LF0024008ZU,FIRF GERAES
LF002400ABK,LF002400ABK,LF002400ABK,FIRF GERAES
LF002400ABF,LF002400ABF,LF002400ABF,FIRF GERAES
LF002400GJ4,LF002400GJ4,LF002400GJ4,FIRF GERAES 30
LF002400ABJ,LF002400ABJ,LF002400ABJ,FIRF GERAES 30
LF002400GJ4,LF002400GJ4,LF002400GJ4,HORIZONTE
LF0024008ZU,LF0024008ZU,LF0024008ZU,HORIZONTE
LF0024008ZU,LF0024008ZU,LF0024008ZU,MANACA INFRA FIRF
LF002400ABH,LF002400ABH,LF002400ABH,MANACA INFRA FIRF
LF002400ABG,LF002400ABG,LF002400ABG,MANACA INFRA FIRF
LF0024008ZU,LF0024008ZU,LF0024008ZU,TOPAZIO INFRA
LF002400ABI,LF002400ABI,LF002400ABI,TOPAZIO INFRA
LF002400UVP,LF002400UVP,LF002400UVP,FIRF GERAES
LF002400UVJ,LF002400UVJ,LF002400UVJ,FIRF GERAES 30
LF0025008NC,LF0025008NC,LF0025008NC,BBRASIL FIM CP RESP
LF0021008OH,LF0021008OH,LF0021008OH,BBRASIL FIM CP RESP
LF002500E1G,LF002500E1G,LF002500E1G,BH FIRF INFRA
LF002200QQO,LF002200QQO,LF002200QQO,BH FIRF INFRA
LF002500E1G,LF002500E1G,LF002500E1G,FIRF GERAES
LF002200QQO,LF002200QQO,LF002200QQO,FIRF GERAES
LF002400BZZ,LF002400BZZ,LF002400BZZ,FIRF GERAES
LF002200QQO,LF002200QQO,LF002200QQO,FIRF GERAES 30
LF002500E1G,LF002500E1G,LF002500E1G,FIRF GERAES 30
LF002400BZZ,LF002400BZZ,LF002400BZZ,FIRF GERAES 30
LF002500E1G,LF002500E1G,LF002500E1G,HORIZONTE
LF002200QQO,LF002200QQO,LF002200QQO,HORIZONTE
LF002400BZZ,LF002400BZZ,LF002400BZZ,HORIZONTE
LF002200QQO,LF002200QQO,LF002200QQO,MANACA INFRA FIRF
LF002400BZZ,LF002400BZZ,LF002400BZZ,MANACA INFRA FIRF
LF002500E1G,LF002500E1G,LF002500E1G,MANACA INFRA FIRF
LF002500E1G,LF002500E1G,LF002500E1G,TOPAZIO INFRA
LF002200QQO,LF002200QQO,LF002200QQO,TOPAZIO INFRA
LF002400BWH,LF002400BWH,LF002400BWH,BMG SEG
LF002400BWH,LF002400BWH,LF002400BWH,FIRF GERAES
LF002400BWH,LF002400BWH,LF002400BWH,FIRF GERAES 30
DAPAGO30,DAPAGO30,DAPAGO30,AF DEB INCENTIVADAS
DAPAGO28,DAPAGO28,DAPAGO28,AF DEB INCENTIVADAS
DAPMAI35,DAPMAI35,DAPMAI35,AF DEB INCENTIVADAS
DAPMAI27,DAPMAI27,DAPMAI27,AF DEB INCENTIVADAS
DAPAGO40,DAPAGO40,DAPAGO40,BH FIRF INFRA
DAPMAI35,DAPMAI35,DAPMAI35,BH FIRF INFRA
DAPAGO32,DAPAGO32,DAPAGO32,BH FIRF INFRA
DI1JAN26,DI1JAN26,DI1JAN26,BH FIRF INFRA
DI1JAN27,DI1JAN27,DI1JAN27,BH FIRF INFRA
DAPAGO26,DAPAGO26,DAPAGO26,BH FIRF INFRA
DAPMAI27,DAPMAI27,DAPMAI27,BH FIRF INFRA
DI1JAN29,DI1JAN29,DI1JAN29,BH FIRF INFRA
DAPAGO28,DAPAGO28,DAPAGO28,BH FIRF INFRA
DAPMAI29,DAPMAI29,DAPMAI29,BH FIRF INFRA
DI1JAN30,DI1JAN30,DI1JAN30,BH FIRF INFRA
DAPAGO30,DAPAGO30,DAPAGO30,BH FIRF INFRA
DAPAGO40,DAPAGO40,DAPAGO40,BORDEAUX INFRA
DAPMAI35,DAPMAI35,DAPMAI35,BORDEAUX INFRA
DAPAGO32,DAPAGO32,DAPAGO32,BORDEAUX INFRA
DI1JAN27,DI1JAN27,DI1JAN27,BORDEAUX INFRA
DAPAGO26,DAPAGO26,DAPAGO26,BORDEAUX INFRA
DI1JAN29,DI1JAN29,DI1JAN29,BORDEAUX INFRA
DAPMAI27,DAPMAI27,DAPMAI27,BORDEAUX INFRA
DI1JAN30,DI1JAN30,DI1JAN30,BORDEAUX INFRA
DAPMAI29,DAPMAI29,DAPMAI29,BORDEAUX INFRA
DAPAGO28,DAPAGO28,DAPAGO28,BORDEAUX INFRA
DAPAGO30,DAPAGO30,DAPAGO30,BORDEAUX INFRA
DI1JAN29,DI1JAN29,DI1JAN29,FIRF GERAES
DI1JAN27,DI1JAN27,DI1JAN27,FIRF GERAES
DI1JAN26,DI1JAN26,DI1JAN26,FIRF GERAES
DI1JUL26,DI1JUL26,DI1JUL26,FIRF GERAES
DAPMAI29,DAPMAI29,DAPMAI29,FIRF GERAES
DAPAGO26,DAPAGO26,DAPAGO26,FIRF GERAES
DAPAGO28,DAPAGO28,DAPAGO28,FIRF GERAES
DAPMAI27,DAPMAI27,DAPMAI27,FIRF GERAES
DAPAGO30,DAPAGO30,DAPAGO30,FIRF GERAES
DI1JAN29,DI1JAN29,DI1JAN29,FIRF GERAES 30
DI1JAN26,DI1JAN26,DI1JAN26,FIRF GERAES 30
DI1JAN27,DI1JAN27,DI1JAN27,FIRF GERAES 30
DAPMAI27,DAPMAI27,DAPMAI27,FIRF GERAES 30
DAPMAI29,DAPMAI29,DAPMAI29,FIRF GERAES 30
DAPAGO26,DAPAGO26,DAPAGO26,FIRF GERAES 30
DAPAGO28,DAPAGO28,DAPAGO28,FIRF GERAES 30
DAPAGO30,DAPAGO30,DAPAGO30,FIRF GERAES 30
DOLDEZ25,DOLDEZ25,DOLDEZ25,GLOBAL BONDS
WDONOV25,WDONOV25,WDONOV25,GLOBAL BONDS
DI1JAN29,DI1JAN29,DI1JAN29,HORIZONTE
DOLDEZ25,DOLDEZ25,DOLDEZ25,HORIZONTE
DDIJAN29,DDIJAN29,DDIJAN29,HORIZONTE
DDIJAN31,DDIJAN31,DDIJAN31,HORIZONTE
DDIJAN27,DDIJAN27,DDIJAN27,HORIZONTE
DI1JAN26,DI1JAN26,DI1JAN26,HORIZONTE
DAPMAI35,DAPMAI35,DAPMAI35,HORIZONTE
DDINOV25,DDINOV25,DDINOV25,HORIZONTE
DAPMAI29,DAPMAI29,DAPMAI29,HORIZONTE
DAPMAI27,DAPMAI27,DAPMAI27,HORIZONTE
DAPAGO28,DAPAGO28,DAPAGO28,HORIZONTE
DDIDEZ25,DDIDEZ25,DDIDEZ25,HORIZONTE
T10DEZ25,T10DEZ25,T10DEZ25,HORIZONTE
DAPAGO26,DAPAGO26,DAPAGO26,HORIZONTE
DAPAGO30,DAPAGO30,DAPAGO30,HORIZONTE
DI1JAN27,DI1JAN27,DI1JAN27,HORIZONTE
DAPMAI35,DAPMAI35,DAPMAI35,MANACA INFRA FIRF
DAPAGO40,DAPAGO40,DAPAGO40,MANACA INFRA FIRF
DI1JAN29,DI1JAN29,DI1JAN29,MANACA INFRA FIRF
DAPAGO32,DAPAGO32,DAPAGO32,MANACA INFRA FIRF
DI1JAN26,DI1JAN26,DI1JAN26,MANACA INFRA FIRF
DI1JAN27,DI1JAN27,DI1JAN27,MANACA INFRA FIRF
DAPAGO26,DAPAGO26,DAPAGO26,MANACA INFRA FIRF
DAPMAI27,DAPMAI27,DAPMAI27,MANACA INFRA FIRF
DI1JAN30,DI1JAN30,DI1JAN30,MANACA INFRA FIRF
DAPAGO28,DAPAGO28,DAPAGO28,MANACA INFRA FIRF
DAPMAI29,DAPMAI29,DAPMAI29,MANACA INFRA FIRF
DAPAGO30,DAPAGO30,DAPAGO30,MANACA INFRA FIRF
DAPAGO40,DAPAGO40,DAPAGO40,TOPAZIO INFRA
DAPMAI35,DAPMAI35,DAPMAI35,TOPAZIO INFRA
DAPAGO32,DAPAGO32,DAPAGO32,TOPAZIO INFRA
DI1JAN29,DI1JAN29,DI1JAN29,TOPAZIO INFRA
DI1JAN26,DI1JAN26,DI1JAN26,TOPAZIO INFRA
DI1JAN27,DI1JAN27,DI1JAN27,TOPAZIO INFRA
DI1JAN30,DI1JAN30,DI1JAN30,TOPAZIO INFRA
DAPAGO26,DAPAGO26,DAPAGO26,TOPAZIO INFRA
DAPMAI27,DAPMAI27,DAPMAI27,TOPAZIO INFRA
DAPMAI29,DAPMAI29,DAPMAI29,TOPAZIO INFRA
DAPAGO28,DAPAGO28,DAPAGO28,TOPAZIO INFRA
DAPAGO30,DAPAGO30,DAPAGO30,TOPAZIO INFRA
HORIZONTE FIM CP,HORIZONTEFIMCP,HORIZONTEFIMCP,ROMEU FC FIM CP IE
2A,,,BH FIRF INFRA
GERAES 30,GERAES30,GERAES30,BORDEAUX INFRA
GERAES 30,GERAES30,GERAES30,ROMEU FC FIM CP IE
GERAES 30,GERAES30,GERAES30,TOPAZIO INFRA
GERAES,GERAES,GERAES,FIRF GERAES 30
GERAES,GERAES,GERAES,GLOBAL BONDS
GERAES,GERAES,GERAES,ROMEU FC FIM CP IE
AF DEBENTURES INCENTIVADAS,,,ROMEU FC FIM CP IE
AF GLOBAL BONDS FI RF CP IE,,,BH FIRF INFRA
AF GLOBAL BONDS FI RF CP IE,,,BORDEAUX INFRA
AF GLOBAL BONDS FI RF CP IE,,,FIRF GERAES 30
AF GLOBAL BONDS FI RF CP IE,,,TOPAZIO INFRA
SANTANDER CASH ORANGE,SANTANDERCASHORANGE,SANTANDERCASHORANGE,GLOBAL BONDS
CASH BLUE,CASHBLUE,CASHBLUE,GLOBAL BONDS
Santander CashBlack,SANTANDERCASHBLACK,SANTANDERCASHBLACK,BMG SEG
FIDC Unique Sr 2,FIDCUNIQUESR2,FIDCUNIQUESR2,BH FIRF INFRA
FIDC Unique Sr 2,FIDCUNIQUESR2,FIDCUNIQUESR2,HORIZONTE
FIDC Sifra Plus Sr,FIDCSIFRAPLUSSR,FIDCSIFRAPLUSSR,BH FIRF INFRA
FIDC Sifra Plus Sr,FIDCSIFRAPLUSSR,FIDCSIFRAPLUSSR,BORDEAUX INFRA
FIDC Sifra Plus Sr,FIDCSIFRAPLUSSR,FIDCSIFRAPLUSSR,HORIZONTE
FIDC Sifra Plus Sr,FIDCSIFRAPLUSSR,FIDCSIFRAPLUSSR,TOPAZIO INFRA
SB CRÉDITO FIDC MULTISSETORIAL SR8,,,BH FIRF INFRA
FIDC Red Multissetorial,,,BH FIRF INFRA
FIDC Red Multissetorial,,,BORDEAUX INFRA
FIDC Red Multissetorial,,,FIRF GERAES
FIDC Red Multissetorial,,,FIRF GERAES 30
FIDC Red Multissetorial,,,HORIZONTE
FIDC Red Multissetorial,,,TOPAZIO INFRA
FIDC Pagbem Sr 8,FIDCPAGBEMSR8,FIDCPAGBEMSR8,BORDEAUX INFRA
FIDC Pagbem Sr 8,FIDCPAGBEMSR8,FIDCPAGBEMSR8,FIRF GERAES
FIDC Pagbem Sr 8,FIDCPAGBEMSR8,FIDCPAGBEMSR8,FIRF GERAES 30
FIDC Pagbem Sr 8,FIDCPAGBEMSR8,FIDCPAGBEMSR8,HORIZONTE
FIDC Pagbem Sr 8,FIDCPAGBEMSR8,FIDCPAGBEMSR8,MANACA INFRA FIRF
FIDC Pagbem Sr 8,FIDCPAGBEMSR8,FIDCPAGBEMSR8,TOPAZIO INFRA
FIDC ICred Sr,FIDCICREDSR,FIDCICREDSR,BORDEAUX INFRA
FIDC ICred Sr,FIDCICREDSR,FIDCICREDSR,FIRF GERAES
FIDC ICred Sr,FIDCICREDSR,FIDCICREDSR,FIRF GERAES 30
FIDC iCred Meza 2,FIDCICREDMEZA2,FIDCICREDMEZA2,HORIZONTE
FIDC ICred Sr,FIDCICREDSR,FIDCICREDSR,TOPAZIO INFRA
FIDC Guardian MC II Sr,FIDCGUARDIANMCIISR,FIDCGUARDIANMCIISR,BH FIRF INFRA
FIDC Guardian MC II Sr,FIDCGUARDIANMCIISR,FIDCGUARDIANMCIISR,BORDEAUX INFRA
FIDC Guardian MC II Sr,FIDCGUARDIANMCIISR,FIDCGUARDIANMCIISR,FIRF GERAES
FIDC Guardian MC II Sr,FIDCGUARDIANMCIISR,FIDCGUARDIANMCIISR,FIRF GERAES 30
FIDC Guardian MC II Sr,FIDCGUARDIANMCIISR,FIDCGUARDIANMCIISR,HORIZONTE
FIDC Guardian MC II Sr,FIDCGUARDIANMCIISR,FIDCGUARDIANMCIISR,MANACA INFRA FIRF
FIDC Guardian MC II Sr,FIDCGUARDIANMCIISR,FIDCGUARDIANMCIISR,TOPAZIO INFRA
GREEN FIDC SOLAR,GREENFIDCSOLAR,GREENFIDCSOLAR,BH FIRF INFRA
FIDC TMAQ21,FIDCTMAQ21,FIDCTMAQ21,HORIZONTE
FIDC NOTO CONSIGNADOS SR1,,,BH FIRF INFRA
FIDC NOTO CONSIGNADOS SR1,,,BORDEAUX INFRA
FIDC NOTO CONSIGNADOS SR1,,,FIRF GERAES
FIDC NOTO CONSIGNADOS SR1,,,FIRF GERAES 30
FIDC NOTO CONSIGNADOS SR1,,,HORIZONTE
FIDC NOTO CONSIGNADOS SR1,,,MANACA INFRA FIRF
FIDC NOTO CONSIGNADOS SR1,,,TOPAZIO INFRA
FIDC FS FORTALECE,FIDCFSFORTALECE,FIDCFSFORTALECE,BH FIRF INFRA
FIDC FS FORTALECE,FIDCFSFORTALECE,FIDCFSFORTALECE,BORDEAUX INFRA
FIDC FS FORTALECE,FIDCFSFORTALECE,FIDCFSFORTALECE,FIRF GERAES
FIDC FS FORTALECE,FIDCFSFORTALECE,FIDCFSFORTALECE,FIRF GERAES 30
FIDC FS FORTALECE,FIDCFSFORTALECE,FIDCFSFORTALECE,HORIZONTE
FIDC FS FORTALECE,FIDCFSFORTALECE,FIDCFSFORTALECE,MANACA INFRA FIRF
FIDC FS FORTALECE,FIDCFSFORTALECE,FIDCFSFORTALECE,TOPAZIO INFRA
FIDC URA Agro SR,FIDCURAAGROSR,FIDCURAAGROSR,BH FIRF INFRA
FIDC URA Agro SR,FIDCURAAGROSR,FIDCURAAGROSR,BORDEAUX INFRA
FIDC URA Agro SR,FIDCURAAGROSR,FIDCURAAGROSR,FIRF GERAES
FIDC URA Agro SR,FIDCURAAGROSR,FIDCURAAGROSR,FIRF GERAES 30
FIDC URA Agro SR,FIDCURAAGROSR,FIDCURAAGROSR,HORIZONTE
FIDC URA Agro SR,FIDCURAAGROSR,FIDCURAAGROSR,MANACA INFRA FIRF
FIDC URA Agro SR,FIDCURAAGROSR,FIDCURAAGROSR,TOPAZIO INFRA
FIDC RED REAL SR5,FIDCREDREALSR5,FIDCREDREALSR5,BH FIRF INFRA
FIDC Precavida,FIDCPRECAVIDA,FIDCPRECAVIDA,BH FIRF INFRA
FIDC Precavida,FIDCPRECAVIDA,FIDCPRECAVIDA,BORDEAUX INFRA
FIDC Precavida,FIDCPRECAVIDA,FIDCPRECAVIDA,HORIZONTE
FIDC Precavida,FIDCPRECAVIDA,FIDCPRECAVIDA,TOPAZIO INFRA
FIDC PRATA DIGITAL IV SR,FIDCPRATADIGITALIVSR,FIDCPRATADIGITALIVSR,HORIZONTE
FIDC PICPAY FGTS SR,FIDCPICPAYFGTSSR,FIDCPICPAYFGTSSR,BH FIRF INFRA
FIDC PICPAY FGTS SR,FIDCPICPAYFGTSSR,FIDCPICPAYFGTSSR,FIRF GERAES
FIDC PICPAY FGTS SR,FIDCPICPAYFGTSSR,FIDCPICPAYFGTSSR,FIRF GERAES 30
FIDC PICPAY FGTS SR,FIDCPICPAYFGTSSR,FIDCPICPAYFGTSSR,HORIZONTE
FIDC PICPAY FGTS SR,FIDCPICPAYFGTSSR,FIDCPICPAYFGTSSR,MANACA INFRA FIRF
FIDC NXCO Sr 2,FIDCNXCOSR2,FIDCNXCOSR2,HORIZONTE
FIDC LF I SR4,FIDCLFISR4,FIDCLFISR4,BH FIRF INFRA
FIDC LF I SR4,FIDCLFISR4,FIDCLFISR4,BORDEAUX INFRA
FIDC LF I SR4,FIDCLFISR4,FIDCLFISR4,FIRF GERAES
FIDC LF I SR4,FIDCLFISR4,FIDCLFISR4,FIRF GERAES 30
FIDC LF I SR4,FIDCLFISR4,FIDCLFISR4,HORIZONTE
FIDC LF I SR4,FIDCLFISR4,FIDCLFISR4,TOPAZIO INFRA
FIDC Icred INSS,FIDCICREDINSS,FIDCICREDINSS,FIRF GERAES
FIDC Icred INSS,FIDCICREDINSS,FIDCICREDINSS,FIRF GERAES 30
FIDC Icred INSS,FIDCICREDINSS,FIDCICREDINSS,MANACA INFRA FIRF
FIDC GREEN SOLFÁCIL,FIDCGREENSOLFACIL,FIDCGREENSOLFACIL,BH FIRF INFRA
FIDC ACR Fast,FIDCACRFAST,FIDCACRFAST,FIRF GERAES
FIDC ACR Fast,FIDCACRFAST,FIDCACRFAST,FIRF GERAES 30
FIAGRO DIREITOS CREDITÓRIOS FIGTREE PRODUTORES AGRÍCOLAS I,,,BH FIRF INFRA
DELTA ENERGIA PRÉ PAGAMENTO I FIDC RL,,,BH FIRF INFRA
FIDC Ideal Invest 29,FIDCIDEALINVEST29,FIDCIDEALINVEST29,BH FIRF INFRA
FIDC Ideal Invest 29,FIDCIDEALINVEST29,FIDCIDEALINVEST29,FIRF GERAES 30
FIDC CloudWalk II,FIDCCLOUDWALKII,FIDCCLOUDWALKII,BH FIRF INFRA
FIDC CloudWalk II,FIDCCLOUDWALKII,FIDCCLOUDWALKII,BORDEAUX INFRA
FIDC CloudWalk II,FIDCCLOUDWALKII,FIDCCLOUDWALKII,FIRF GERAES
FIDC CloudWalk II,FIDCCLOUDWALKII,FIDCCLOUDWALKII,FIRF GERAES 30
FIDC CloudWalk II,FIDCCLOUDWALKII,FIDCCLOUDWALKII,MANACA INFRA FIRF
FIDC CloudWalk II,FIDCCLOUDWALKII,FIDCCLOUDWALKII,TOPAZIO INFRA
AXIS RENOVÁVEIS FIDC,AXISRENOVAVEISFIDC,AXISRENOVAVEISFIDC,BH FIRF INFRA
FIDC Artico Sr,FIDCARTICOSR,FIDCARTICOSR,BH FIRF INFRA
FIDC Artico Sr,FIDCARTICOSR,FIDCARTICOSR,BORDEAUX INFRA
FIDC Artico Sr,FIDCARTICOSR,FIDCARTICOSR,FIRF GERAES 30
FIDC Artico Sr,FIDCARTICOSR,FIDCARTICOSR,HORIZONTE
FIDC Artico Sr,FIDCARTICOSR,FIDCARTICOSR,TOPAZIO INFRA
VEBMA4,VEBMA4,VEBMA4,FIRF GERAES
VEBMA4,VEBMA4,VEBMA4,FIRF GERAES 30
VEBMA4,VEBMA4,VEBMA4,HORIZONTE
VIXL14,VIXL14,VIXL14,BH FIRF INFRA
VIXL14,VIXL14,VIXL14,FIRF GERAES
VIXL14,VIXL14,VIXL14,FIRF GERAES 30
VIXL14,VIXL14,VIXL14,HORIZONTE
VBBR24,VBBR24,VBBR24,BH FIRF INFRA
VBBR24,VBBR24,VBBR24,FIRF GERAES
VBBR24,VBBR24,VBBR24,FIRF GERAES 30
VBBR24,VBBR24,VBBR24,HORIZONTE
VSCF17,VSCF17,VSCF17,BH FIRF INFRA
VSCF17,VSCF17,VSCF17,FIRF GERAES
VSCF17,VSCF17,VSCF17,FIRF GERAES 30
VVRT11,VVRT11,VVRT11,FIRF GERAES
VVRT11,VVRT11,VVRT11,FIRF GERAES 30
VVRT11,VVRT11,VVRT11,HORIZONTE
VAMO33,VAMO33,VAMO33,BH FIRF INFRA
VAMO23,VAMO23,VAMO23,BH FIRF INFRA
VAMO33,VAMO33,VAMO33,BORDEAUX INFRA
VAMO23,VAMO23,VAMO23,FIRF GERAES
VAMO13,VAMO13,VAMO13,FIRF GERAES
VAMO23,VAMO23,VAMO23,FIRF GERAES 30
VAMO13,VAMO13,VAMO13,FIRF GERAES 30
VAMO13,VAMO13,VAMO13,MANACA INFRA FIRF
VAMO23,VAMO23,VAMO23,TOPAZIO INFRA
VLIDA0,VLIDA0,VLIDA0,FIRF GERAES
VLIDA0,VLIDA0,VLIDA0,FIRF GERAES 30
VLIDA0,VLIDA0,VLIDA0,HORIZONTE
VALEB1,VALEB1,VALEB1,BH FIRF INFRA
VALEC0,VALEC0,VALEC0,BH FIRF INFRA
VALEB1,VALEB1,VALEB1,BORDEAUX INFRA
CVRDA6,CVRDA6,CVRDA6,GLOBAL BONDS
CVRDA6,CVRDA6,CVRDA6,HORIZONTE
VALEB1,VALEB1,VALEB1,MANACA INFRA FIRF
VALEB1,VALEB1,VALEB1,TOPAZIO INFRA
VERT18 (nota reestruturada),,,BH FIRF INFRA
VERT19 (nota participativa),,,BH FIRF INFRA
VERT18 (nota reestruturada),,,BORDEAUX INFRA
VERT19 (nota participativa),,,BORDEAUX INFRA
VERT18 (nota reestruturada),,,FIRF GERAES
VERT19 (nota participativa),,,FIRF GERAES
VERT18 (nota reestruturada),,,FIRF GERAES 30
VERT19 (nota participativa),,,FIRF GERAES 30
VERT18 (nota reestruturada),,,TOPAZIO INFRA
VERT19 (nota participativa),,,TOPAZIO INFRA
UHSM12,UHSM12,UHSM12,BH FIRF INFRA
TUPW11,TUPW11,TUPW11,HORIZONTE
TRRG12,TRRG12,TRRG12,BH FIRF INFRA
TSSG21,TSSG21,TSSG21,TOPAZIO INFRA
TBCR18,TBCR18,TBCR18,BH FIRF INFRA
TBCR18,TBCR18,TBCR18,BORDEAUX INFRA
TBCR18,TBCR18,TBCR18,HORIZONTE
TBCR18,TBCR18,TBCR18,MANACA INFRA FIRF
TBCR18,TBCR18,TBCR18,TOPAZIO INFRA
TIMS12,TIMS12,TIMS12,BH FIRF INFRA
TIMS12,TIMS12,TIMS12,BORDEAUX INFRA
TIMS12,TIMS12,TIMS12,MANACA INFRA FIRF
TIMS12,TIMS12,TIMS12,TOPAZIO INFRA
TBSP22,TBSP22,TBSP22,FIRF GERAES
SUZBC1,SUZBC1,SUZBC1,BH FIRF INFRA
SUZBA0,SUZBA0,SUZBA0,BH FIRF INFRA
SUZBA0,SUZBA0,SUZBA0,BORDEAUX INFRA
SUZBC1,SUZBC1,SUZBC1,MANACA INFRA FIRF
SUZBA0,SUZBA0,SUZBA0,TOPAZIO INFRA
SULA29,SULA29,SULA29,BH FIRF INFRA
SULA29,SULA29,SULA29,FIRF GERAES
SULA29,SULA29,SULA29,HORIZONTE
RISP12,RISP12,RISP12,BH FIRF INFRA
RISP12,RISP12,RISP12,BORDEAUX INFRA
RISP12,RISP12,RISP12,MANACA INFRA FIRF
RISP12,RISP12,RISP12,TOPAZIO INFRA
JSMLA5,JSMLA5,JSMLA5,BH FIRF INFRA
JSMLB5,JSMLB5,JSMLB5,BH FIRF INFRA
SIMH16,SIMH16,SIMH16,FIRF GERAES
JSMLA5,JSMLA5,JSMLA5,FIRF GERAES
SIMH16,SIMH16,SIMH16,FIRF GERAES 30
JSMLA5,JSMLA5,JSMLA5,FIRF GERAES 30
JSMLA5,JSMLA5,JSMLA5,HORIZONTE
SIMH16,SIMH16,SIMH16,HORIZONTE
SIMH16,SIMH16,SIMH16,TOPAZIO INFRA
ASAI22,ASAI22,ASAI22,FIRF GERAES
ASAIA0,ASAIA0,ASAIA0,FIRF GERAES
ASAIA0,ASAIA0,ASAIA0,FIRF GERAES 30
ASAI22,ASAI22,ASAI22,FIRF GERAES 30
ASAI22,ASAI22,ASAI22,HORIZONTE
ASAIA0,ASAIA0,ASAIA0,HORIZONTE
SBFC13,SBFC13,SBFC13,FIRF GERAES
SBFC13,SBFC13,SBFC13,FIRF GERAES 30
SBFC13,SBFC13,SBFC13,HORIZONTE
GASC17,GASC17,GASC17,BH FIRF INFRA
GASC25,GASC25,GASC25,BH FIRF INFRA
GASC23,GASC23,GASC23,BORDEAUX INFRA
GASC23,GASC23,GASC23,MANACA INFRA FIRF
GASC23,GASC23,GASC23,TOPAZIO INFRA
RIPR22,RIPR22,RIPR22,BH FIRF INFRA
RALM21,RALM21,RALM21,BH FIRF INFRA
RALM21,RALM21,RALM21,BORDEAUX INFRA
RALM21,RALM21,RALM21,MANACA INFRA FIRF
RALM21,RALM21,RALM21,TOPAZIO INFRA
AESLA9,AESLA9,AESLA9,BH FIRF INFRA
AESLA9,AESLA9,AESLA9,BORDEAUX INFRA
AESLA9,AESLA9,AESLA9,MANACA INFRA FIRF
AESLA9,AESLA9,AESLA9,TOPAZIO INFRA
RDORB9,RDORB9,RDORB9,FIRF GERAES
RDORB9,RDORB9,RDORB9,FIRF GERAES 30
RDORC9,RDORC9,RDORC9,FIRF GERAES 30
RDORB9,RDORB9,RDORB9,HORIZONTE
RDORC9,RDORC9,RDORC9,HORIZONTE
RDVE11,RDVE11,RDVE11,BH FIRF INFRA
RAIZ23,RAIZ23,RAIZ23,BH FIRF INFRA
QUAL16,QUAL16,QUAL16,BH FIRF INFRA
QUAL16,QUAL16,QUAL16,BORDEAUX INFRA
QUAL16,QUAL16,QUAL16,FIRF GERAES
QUAL16,QUAL16,QUAL16,FIRF GERAES 30
QUAL16,QUAL16,QUAL16,HORIZONTE
QUAL16,QUAL16,QUAL16,TOPAZIO INFRA
QMCT14,QMCT14,QMCT14,BH FIRF INFRA
QMCT14,QMCT14,QMCT14,BORDEAUX INFRA
QMCT14,QMCT14,QMCT14,MANACA INFRA FIRF
QMCT14,QMCT14,QMCT14,TOPAZIO INFRA
PEJA11,PEJA11,PEJA11,BH FIRF INFRA
PEJA22,PEJA22,PEJA22,BH FIRF INFRA
PEJA11,PEJA11,PEJA11,BORDEAUX INFRA
PEJA21,PEJA21,PEJA21,FIRF GERAES
PEJA21,PEJA21,PEJA21,FIRF GERAES 30
PEJA21,PEJA21,PEJA21,HORIZONTE
PEJA11,PEJA11,PEJA11,MANACA INFRA FIRF
PEJA11,PEJA11,PEJA11,TOPAZIO INFRA
PSAN23,PSAN23,PSAN23,HORIZONTE
HZTC14,HZTC14,HZTC14,BH FIRF INFRA
ONCO19,ONCO19,ONCO19,BORDEAUX INFRA
ONCO19,ONCO19,ONCO19,FIRF GERAES
ONCO19,ONCO19,ONCO19,FIRF GERAES 30
ONCO19,ONCO19,ONCO19,HORIZONTE
ONCO19,ONCO19,ONCO19,TOPAZIO INFRA
OMGE12,OMGE12,OMGE12,BORDEAUX INFRA
OMGE13,OMGE13,OMGE13,FIRF GERAES
OMGE13,OMGE13,OMGE13,FIRF GERAES 30
OMGE12,OMGE12,OMGE12,TOPAZIO INFRA
NTSD17,NTSD17,NTSD17,BH FIRF INFRA
NTSD17,NTSD17,NTSD17,FIRF GERAES
NTSD17,NTSD17,NTSD17,FIRF GERAES 30
NTSD35,NTSD35,NTSD35,HORIZONTE
NEOE26,NEOE26,NEOE26,BH FIRF INFRA
NEOE26,NEOE26,NEOE26,BORDEAUX INFRA
NEOE26,NEOE26,NEOE26,MANACA INFRA FIRF
NMCH11,NMCH11,NMCH11,BH FIRF INFRA
NMCH11,NMCH11,NMCH11,MANACA INFRA FIRF
NMCH11,NMCH11,NMCH11,TOPAZIO INFRA
MRSAB2,MRSAB2,MRSAB2,BH FIRF INFRA
MRSAB1,MRSAB1,MRSAB1,BH FIRF INFRA
MRSAC1,MRSAC1,MRSAC1,BH FIRF INFRA
MVLV19,MVLV19,MVLV19,BH FIRF INFRA
MVLV19,MVLV19,MVLV19,FIRF GERAES
MVLV19,MVLV19,MVLV19,FIRF GERAES 30
MOVI34,MOVI34,MOVI34,HORIZONTE
CCROB6,CCROB6,CCROB6,MANACA INFRA FIRF
MNLT11,MNLT11,MNLT11,BH FIRF INFRA
MNLT11,MNLT11,MNLT11,FIRF GERAES
MNLT11,MNLT11,MNLT11,FIRF GERAES 30
MNRVA1,MNRVA1,MNRVA1,BH FIRF INFRA
MNRVA1,MNRVA1,MNRVA1,FIRF GERAES
MNRVA1,MNRVA1,MNRVA1,FIRF GERAES 30
MNRVA1,MNRVA1,MNRVA1,HORIZONTE
LORTB9,LORTB9,LORTB9,HORIZONTE
TFLED0,TFLED0,TFLED0,FIRF GERAES
TFLED0,TFLED0,TFLED0,FIRF GERAES 30
LTTE15,LTTE15,LTTE15,BH FIRF INFRA
LIGH1B,LIGH1B,LIGH1B,BH FIRF INFRA
LIGH2B,LIGH2B,LIGH2B,BH FIRF INFRA
LIGH1B,LIGH1B,LIGH1B,BORDEAUX INFRA
LIGT11,LIGT11,LIGT11,BORDEAUX INFRA
LIGHB6,LIGHB6,LIGHB6,BORDEAUX INFRA
LIGH2B,LIGH2B,LIGH2B,BORDEAUX INFRA
LIGHC6,LIGHC6,LIGHC6,BORDEAUX INFRA
LIGT11,LIGT11,LIGT11,FIRF GERAES
LIGH1B,LIGH1B,LIGH1B,FIRF GERAES
LIGHB6,LIGHB6,LIGHB6,FIRF GERAES
LIGH2B,LIGH2B,LIGH2B,FIRF GERAES
LIGHC6,LIGHC6,LIGHC6,FIRF GERAES
LIGH1B,LIGH1B,LIGH1B,FIRF GERAES 30
LIGT11,LIGT11,LIGT11,FIRF GERAES 30
LIGHB6,LIGHB6,LIGHB6,FIRF GERAES 30
LIGH2B,LIGH2B,LIGH2B,FIRF GERAES 30
LIGHC6,LIGHC6,LIGHC6,FIRF GERAES 30
LIGH1B,LIGH1B,LIGH1B,HORIZONTE
LIGT11,LIGT11,LIGT11,HORIZONTE
LIGH2B,LIGH2B,LIGH2B,HORIZONTE
LIGH1B,LIGH1B,LIGH1B,TOPAZIO INFRA
LIGHB6,LIGHB6,LIGHB6,TOPAZIO INFRA
LIGH2B,LIGH2B,LIGH2B,TOPAZIO INFRA
LIGHC6,LIGHC6,LIGHC6,TOPAZIO INFRA
KLBNA5,KLBNA5,KLBNA5,BH FIRF INFRA
KLBNA2,KLBNA2,KLBNA2,BH FIRF INFRA
KLBNA5,KLBNA5,KLBNA5,BORDEAUX INFRA
KLBNA2,KLBNA2,KLBNA2,FIRF GERAES
KLBNA2,KLBNA2,KLBNA2,FIRF GERAES 30
KLBNA2,KLBNA2,KLBNA2,HORIZONTE
KLBNA5,KLBNA5,KLBNA5,MANACA INFRA FIRF
KLBNA5,KLBNA5,KLBNA5,TOPAZIO INFRA
JSLGA5,JSLGA5,JSLGA5,BH FIRF INFRA
JSLGA5,JSLGA5,JSLGA5,FIRF GERAES
JSLGA5,JSLGA5,JSLGA5,FIRF GERAES 30
JSLGA5,JSLGA5,JSLGA5,MANACA INFRA FIRF
JSLGA5,JSLGA5,JSLGA5,TOPAZIO INFRA
JEFP12,JEFP12,JEFP12,HORIZONTE
CTEE29,CTEE29,CTEE29,BORDEAUX INFRA
CTEE29,CTEE29,CTEE29,MANACA INFRA FIRF
CTEE29,CTEE29,CTEE29,TOPAZIO INFRA
IGSN15,IGSN15,IGSN15,BH FIRF INFRA
IGSN15,IGSN15,IGSN15,BORDEAUX INFRA
IGSN15,IGSN15,IGSN15,MANACA INFRA FIRF
IGSN15,IGSN15,IGSN15,TOPAZIO INFRA
HARG11,HARG11,HARG11,BH FIRF INFRA
HARG11,HARG11,HARG11,BORDEAUX INFRA
HARG11,HARG11,HARG11,MANACA INFRA FIRF
HARG11,HARG11,HARG11,TOPAZIO INFRA
HBSA11,HBSA11,HBSA11,BH FIRF INFRA
HBSA12,HBSA12,HBSA12,BH FIRF INFRA
HBSA11,HBSA11,HBSA11,BORDEAUX INFRA
HBSA12,HBSA12,HBSA12,FIRF GERAES
HBSA12,HBSA12,HBSA12,FIRF GERAES 30
HBSA12,HBSA12,HBSA12,HORIZONTE
HBSA11,HBSA11,HBSA11,MANACA INFRA FIRF
HBSA11,HBSA11,HBSA11,TOPAZIO INFRA
HVSP11,HVSP11,HVSP11,AF DEB INCENTIVADAS
HVSP11,HVSP11,HVSP11,BH FIRF INFRA
HVSP11,HVSP11,HVSP11,BORDEAUX INFRA
HVSP11,HVSP11,HVSP11,MANACA INFRA FIRF
HVSP11,HVSP11,HVSP11,TOPAZIO INFRA
SUMI17,SUMI17,SUMI17,AF DEB INCENTIVADAS
SUMI17,SUMI17,SUMI17,BH FIRF INFRA
SUMI17,SUMI17,SUMI17,BORDEAUX INFRA
SUMI17,SUMI17,SUMI17,MANACA INFRA FIRF
SUMI17,SUMI17,SUMI17,TOPAZIO INFRA
FBRI13,FBRI13,FBRI13,BH FIRF INFRA
FBRI13,FBRI13,FBRI13,BORDEAUX INFRA
FBRI13,FBRI13,FBRI13,MANACA INFRA FIRF
FBRI13,FBRI13,FBRI13,TOPAZIO INFRA
CGBP14,CGBP14,CGBP14,FIRF GERAES
CGBP14,CGBP14,CGBP14,FIRF GERAES 30
AEGE17,AEGE17,AEGE17,BH FIRF INFRA
AEGE17,AEGE17,AEGE17,FIRF GERAES 30
AEGE17,AEGE17,AEGE17,HORIZONTE
EQTR11,EQTR11,EQTR11,AF DEB INCENTIVADAS
EQTR11,EQTR11,EQTR11,MANACA INFRA FIRF
EQPA18,EQPA18,EQPA18,BH FIRF INFRA
EQPA18,EQPA18,EQPA18,BORDEAUX INFRA
EQPA18,EQPA18,EQPA18,MANACA INFRA FIRF
EQPA18,EQPA18,EQPA18,TOPAZIO INFRA
CGOS16,CGOS16,CGOS16,BH FIRF INFRA
CGOS34,CGOS34,CGOS34,BH FIRF INFRA
CGOS18,CGOS18,CGOS18,BH FIRF INFRA
CGOS16,CGOS16,CGOS16,BORDEAUX INFRA
CGOS14,CGOS14,CGOS14,FIRF GERAES
CGOS18,CGOS18,CGOS18,FIRF GERAES
CGOS14,CGOS14,CGOS14,FIRF GERAES 30
CGOS18,CGOS18,CGOS18,FIRF GERAES 30
CGOS18,CGOS18,CGOS18,HORIZONTE
CGOS14,CGOS14,CGOS14,HORIZONTE
CGOS34,CGOS34,CGOS34,MANACA INFRA FIRF
CGOS16,CGOS16,CGOS16,TOPAZIO INFRA
ENTV12,ENTV12,ENTV12,MANACA INFRA FIRF
EGIEA4,EGIEA4,EGIEA4,AF DEB INCENTIVADAS
EGIEA4,EGIEA4,EGIEA4,BH FIRF INFRA
EGIEA1,EGIEA1,EGIEA1,BH FIRF INFRA
EGIEB2,EGIEB2,EGIEB2,BH FIRF INFRA
EGIEA4,EGIEA4,EGIEA4,BORDEAUX INFRA
EGIEB2,EGIEB2,EGIEB2,MANACA INFRA FIRF
EGIEA4,EGIEA4,EGIEA4,MANACA INFRA FIRF
EGIEB2,EGIEB2,EGIEB2,TOPAZIO INFRA
EGIEA4,EGIEA4,EGIEA4,TOPAZIO INFRA
ENEV32,ENEV32,ENEV32,AF DEB INCENTIVADAS
ENEVB0,ENEVB0,ENEVB0,BH FIRF INFRA
CESE32,CESE32,CESE32,BH FIRF INFRA
ENEV32,ENEV32,ENEV32,BORDEAUX INFRA
ENEV29,ENEV29,ENEV29,MANACA INFRA FIRF
ENEV32,ENEV32,ENEV32,MANACA INFRA FIRF
CESE32,CESE32,CESE32,TOPAZIO INFRA
ENEV18,ENEV18,ENEV18,TOPAZIO INFRA
CTNSA2,CTNSA2,CTNSA2,HORIZONTE
ENGIA5,ENGIA5,ENGIA5,BH FIRF INFRA
ENGIB9,ENGIB9,ENGIB9,BH FIRF INFRA
ENGIC4,ENGIC4,ENGIC4,FIRF GERAES
ENGIC4,ENGIC4,ENGIC4,FIRF GERAES 30
ENGIA6,ENGIA6,ENGIA6,MANACA INFRA FIRF
ENGIB9,ENGIB9,ENGIB9,TOPAZIO INFRA
CEROA3,CEROA3,CEROA3,BH FIRF INFRA
CEROA3,CEROA3,CEROA3,BORDEAUX INFRA
CEROA3,CEROA3,CEROA3,MANACA INFRA FIRF
ESULA6,ESULA6,ESULA6,BH FIRF INFRA
ENMTB3,ENMTB3,ENMTB3,BORDEAUX INFRA
ENAT14,ENAT14,ENAT14,BH FIRF INFRA
ENAT14,ENAT14,ENAT14,BORDEAUX INFRA
ENAT14,ENAT14,ENAT14,MANACA INFRA FIRF
ENAT14,ENAT14,ENAT14,TOPAZIO INFRA
ESAM14,ESAM14,ESAM14,BH FIRF INFRA
ELPLA7,ELPLA7,ELPLA7,BH FIRF INFRA
EKTRC1,EKTRC1,EKTRC1,BH FIRF INFRA
EKTRC1,EKTRC1,EKTRC1,BORDEAUX INFRA
EKTRC1,EKTRC1,EKTRC1,MANACA INFRA FIRF
EKTRC1,EKTRC1,EKTRC1,TOPAZIO INFRA
ERDVC3,ERDVC3,ERDVC3,BH FIRF INFRA
ERDVB4,ERDVB4,ERDVB4,BH FIRF INFRA
ERDVB3,ERDVB3,ERDVB3,BH FIRF INFRA
ERDVC3,ERDVC3,ERDVC3,BORDEAUX INFRA
ERDVA2,ERDVA2,ERDVA2,FIRF GERAES
ERDVB3,ERDVB3,ERDVB3,FIRF GERAES
ERDVA2,ERDVA2,ERDVA2,FIRF GERAES 30
ERDVB3,ERDVB3,ERDVB3,FIRF GERAES 30
ERDVB3,ERDVB3,ERDVB3,HORIZONTE
ERDVA2,ERDVA2,ERDVA2,HORIZONTE
ERDVC3,ERDVC3,ERDVC3,MANACA INFRA FIRF
ERDVC3,ERDVC3,ERDVC3,TOPAZIO INFRA
ECHP11,ECHP11,ECHP11,MANACA INFRA FIRF
DESK17,DESK17,DESK17,AF DEB INCENTIVADAS
DESK17,DESK17,DESK17,BH FIRF INFRA
DESK17,DESK17,DESK17,BORDEAUX INFRA
DESK17,DESK17,DESK17,MANACA INFRA FIRF
DESK17,DESK17,DESK17,TOPAZIO INFRA
EEELB1,EEELB1,EEELB1,BH FIRF INFRA
CSANA0,CSANA0,CSANA0,BORDEAUX INFRA
CSAN24,CSAN24,CSAN24,FIRF GERAES
CSANA0,CSANA0,CSANA0,FIRF GERAES
CSAN24,CSAN24,CSAN24,FIRF GERAES 30
CSANB0,CSANB0,CSANB0,FIRF GERAES 30
CSANA0,CSANA0,CSANA0,FIRF GERAES 30
CSAN23,CSAN23,CSAN23,HORIZONTE
CSAN24,CSAN24,CSAN24,HORIZONTE
CPLD37,CPLD37,CPLD37,BH FIRF INFRA
CPLD29,CPLD29,CPLD29,BH FIRF INFRA
CPLD37,CPLD37,CPLD37,BORDEAUX INFRA
CPLD37,CPLD37,CPLD37,MANACA INFRA FIRF
CPLD37,CPLD37,CPLD37,TOPAZIO INFRA
CRTA12,CRTA12,CRTA12,BH FIRF INFRA
CRTA12,CRTA12,CRTA12,BORDEAUX INFRA
CRTA12,CRTA12,CRTA12,MANACA INFRA FIRF
CRTA12,CRTA12,CRTA12,TOPAZIO INFRA
CBAN12,CBAN12,CBAN12,BH FIRF INFRA
CBAN32,CBAN32,CBAN32,BH FIRF INFRA
CBAN72,CBAN72,CBAN72,BH FIRF INFRA
CBAN52,CBAN52,CBAN52,BH FIRF INFRA
CBAN52,CBAN52,CBAN52,BORDEAUX INFRA
CBAN72,CBAN72,CBAN72,BORDEAUX INFRA
CBAN72,CBAN72,CBAN72,MANACA INFRA FIRF
CBAN52,CBAN52,CBAN52,MANACA INFRA FIRF
CBAN72,CBAN72,CBAN72,TOPAZIO INFRA
CBAN12,CBAN12,CBAN12,TOPAZIO INFRA
CERT11,CERT11,CERT11,BH FIRF INFRA
CERT11,CERT11,CERT11,BORDEAUX INFRA
CERT11,CERT11,CERT11,MANACA INFRA FIRF
CERT11,CERT11,CERT11,TOPAZIO INFRA
CART13,CART13,CART13,BH FIRF INFRA
IVIAA0,IVIAA0,IVIAA0,BH FIRF INFRA
PASS12,PASS12,PASS12,FIRF GERAES
PASS12,PASS12,PASS12,FIRF GERAES 30
PASS12,PASS12,PASS12,HORIZONTE
PASS12,PASS12,PASS12,MANACA INFRA FIRF
CSNAA2,CSNAA2,CSNAA2,FIRF GERAES
CSNAA2,CSNAA2,CSNAA2,FIRF GERAES 30
CSNAA2,CSNAA2,CSNAA2,HORIZONTE
CSNAA1,CSNAA1,CSNAA1,HORIZONTE
VTII12,VTII12,VTII12,BH FIRF INFRA
VTII12,VTII12,VTII12,BORDEAUX INFRA
VTII12,VTII12,VTII12,HORIZONTE
VTII12,VTII12,VTII12,TOPAZIO INFRA
CRCG12,CRCG12,CRCG12,BH FIRF INFRA
CRCG12,CRCG12,CRCG12,FIRF GERAES
CRCG12,CRCG12,CRCG12,FIRF GERAES 30
CRCG12,CRCG12,CRCG12,MANACA INFRA FIRF
RSAN26,RSAN26,RSAN26,BH FIRF INFRA
PALFB3,PALFB3,PALFB3,BH FIRF INFRA
PALFB3,PALFB3,PALFB3,MANACA INFRA FIRF
CHSF13,CHSF13,CHSF13,BH FIRF INFRA
CHSF13,CHSF13,CHSF13,BORDEAUX INFRA
CHSF12,CHSF12,CHSF12,FIRF GERAES
CHSF12,CHSF12,CHSF12,FIRF GERAES 30
CHSF13,CHSF13,CHSF13,MANACA INFRA FIRF
CHSF13,CHSF13,CHSF13,TOPAZIO INFRA
COCE18,COCE18,COCE18,BH FIRF INFRA
COCE18,COCE18,COCE18,BORDEAUX INFRA
COCE18,COCE18,COCE18,MANACA INFRA FIRF
COCE18,COCE18,COCE18,TOPAZIO INFRA
MTRO12,MTRO12,MTRO12,HORIZONTE
CAEC22,CAEC22,CAEC22,FIRF GERAES
CAEC22,CAEC22,CAEC22,FIRF GERAES 30
CAEC22,CAEC22,CAEC22,HORIZONTE
CAEC12,CAEC12,CAEC12,TOPAZIO INFRA
CBRDA8,CBRDA8,CBRDA8,BH FIRF INFRA
CBRDB8,CBRDB8,CBRDB8,BH FIRF INFRA
CBRDA8,CBRDA8,CBRDA8,BORDEAUX INFRA
CBRDA8,CBRDA8,CBRDA8,FIRF GERAES
CBRDB8,CBRDB8,CBRDB8,FIRF GERAES
CBRDA8,CBRDA8,CBRDA8,FIRF GERAES 30
CBRDB8,CBRDB8,CBRDB8,FIRF GERAES 30
CBRDB8,CBRDB8,CBRDB8,HORIZONTE
CBRDA8,CBRDA8,CBRDA8,HORIZONTE
CBRDA8,CBRDA8,CBRDA8,MANACA INFRA FIRF
CBRDB8,CBRDB8,CBRDB8,MANACA INFRA FIRF
CBRDA8,CBRDA8,CBRDA8,TOPAZIO INFRA
COMR14,COMR14,COMR14,MANACA INFRA FIRF
BCPSA5,BCPSA5,BCPSA5,BH FIRF INFRA
BCPSA5,BCPSA5,BCPSA5,BORDEAUX INFRA
BCPSA5,BCPSA5,BCPSA5,MANACA INFRA FIRF
BCPSA5,BCPSA5,BCPSA5,TOPAZIO INFRA
SBSPE3,SBSPE3,SBSPE3,BH FIRF INFRA
CEDO13,CEDO13,CEDO13,HORIZONTE
CSMGB9,CSMGB9,CSMGB9,BH FIRF INFRA
CEEBC3,CEEBC3,CEEBC3,AF DEB INCENTIVADAS
CEEBC3,CEEBC3,CEEBC3,BH FIRF INFRA
AALR13,AALR13,AALR13,BH FIRF INFRA
AALR13,AALR13,AALR13,BORDEAUX INFRA
AALR13,AALR13,AALR13,FIRF GERAES
AALR13,AALR13,AALR13,FIRF GERAES 30
AALR13,AALR13,AALR13,HORIZONTE
AALR13,AALR13,AALR13,TOPAZIO INFRA
ELET14,ELET14,ELET14,BORDEAUX INFRA
ELET14,ELET14,ELET14,MANACA INFRA FIRF
ELET14,ELET14,ELET14,TOPAZIO INFRA
CMGDB0,CMGDB0,CMGDB0,BH FIRF INFRA
CMGDB0,CMGDB0,CMGDB0,BORDEAUX INFRA
CMGDB0,CMGDB0,CMGDB0,MANACA INFRA FIRF
CMGDB0,CMGDB0,CMGDB0,TOPAZIO INFRA
CLCD18,CLCD18,CLCD18,BH FIRF INFRA
CLCD27,CLCD27,CLCD27,BH FIRF INFRA
CLCD18,CLCD18,CLCD18,HORIZONTE
CLCD27,CLCD27,CLCD27,TOPAZIO INFRA
BRKP28,BRKP28,BRKP28,BH FIRF INFRA
BRKPA0,BRKPA0,BRKPA0,BH FIRF INFRA
BRKP28,BRKP28,BRKP28,BORDEAUX INFRA
BRKPA0,BRKPA0,BRKPA0,FIRF GERAES
BRKPA2,BRKPA2,BRKPA2,FIRF GERAES
BRKPA0,BRKPA0,BRKPA0,FIRF GERAES 30
BRKPA2,BRKPA2,BRKPA2,FIRF GERAES 30
BRKPA0,BRKPA0,BRKPA0,HORIZONTE
BRKPA2,BRKPA2,BRKPA2,HORIZONTE
BRKP28,BRKP28,BRKP28,MANACA INFRA FIRF
RMSA12,RMSA12,RMSA12,BH FIRF INFRA
RMSA12,RMSA12,RMSA12,BORDEAUX INFRA
RMSA12,RMSA12,RMSA12,MANACA INFRA FIRF
RMSA12,RMSA12,RMSA12,TOPAZIO INFRA
BRFS31,BRFS31,BRFS31,FIRF GERAES
BRFS31,BRFS31,BRFS31,FIRF GERAES 30
BRFS31,BRFS31,BRFS31,HORIZONTE
BRKMA6,BRKMA6,BRKMA6,BH FIRF INFRA
BRKMA6,BRKMA6,BRKMA6,FIRF GERAES
BRKMA6,BRKMA6,BRKMA6,FIRF GERAES 30
BRKMB6,BRKMB6,BRKMB6,FIRF GERAES 30
BRKMA6,BRKMA6,BRKMA6,HORIZONTE
BRKMB8,BRKMB8,BRKMB8,HORIZONTE
BRKMB6,BRKMB6,BRKMB6,HORIZONTE
BRKMB6,BRKMB6,BRKMB6,MANACA INFRA FIRF
TEPA12,TEPA12,TEPA12,BH FIRF INFRA
BHSA11,BHSA11,BHSA11,BH FIRF INFRA
BHSA11,BHSA11,BHSA11,BORDEAUX INFRA
PLSB1A,PLSB1A,PLSB1A,BH FIRF INFRA
PLSB1A,PLSB1A,PLSB1A,BORDEAUX INFRA
PLSB1A,PLSB1A,PLSB1A,TOPAZIO INFRA
ACRC21,ACRC21,ACRC21,BH FIRF INFRA
ARTR19,ARTR19,ARTR19,AF DEB INCENTIVADAS
ARTR19,ARTR19,ARTR19,MANACA INFRA FIRF
AMERF2,AMERF2,AMERF2,BH FIRF INFRA
AMERF2,AMERF2,AMERF2,BORDEAUX INFRA
AMERF2,AMERF2,AMERF2,FIRF GERAES
AMERF2,AMERF2,AMERF2,FIRF GERAES 30
AMERG2,AMERG2,AMERG2,GLOBAL BONDS
AMERG2,AMERG2,AMERG2,HORIZONTE
AMERF2,AMERF2,AMERF2,HORIZONTE
ANET12,ANET12,ANET12,BH FIRF INFRA
ANET11,ANET11,ANET11,BH FIRF INFRA
ANET12,ANET12,ANET12,BORDEAUX INFRA
ANET12,ANET12,ANET12,MANACA INFRA FIRF
ANET12,ANET12,ANET12,TOPAZIO INFRA
ALGAB1,ALGAB1,ALGAB1,BH FIRF INFRA
ALGA28,ALGA28,ALGA28,BH FIRF INFRA
ALGAB1,ALGAB1,ALGAB1,BORDEAUX INFRA
ALGAB1,ALGAB1,ALGAB1,MANACA INFRA FIRF
ALGAB1,ALGAB1,ALGAB1,TOPAZIO INFRA
RIS424,RIS424,RIS424,BH FIRF INFRA
RIS422,RIS422,RIS422,BH FIRF INFRA
GSTS24,GSTS24,GSTS24,BH FIRF INFRA
GSTS14,GSTS14,GSTS14,BORDEAUX INFRA
GSTS14,GSTS14,GSTS14,MANACA INFRA FIRF
GSTS14,GSTS14,GSTS14,TOPAZIO INFRA
AGSF13,AGSF13,AGSF13,HORIZONTE
TIET19,TIET19,TIET19,BH FIRF INFRA
AESOA1,AESOA1,AESOA1,BH FIRF INFRA
TIET29,TIET29,TIET29,BH FIRF INFRA
AESOA1,AESOA1,AESOA1,BORDEAUX INFRA
TIET29,TIET29,TIET29,BORDEAUX INFRA
TIET19,TIET19,TIET19,HORIZONTE
AESOA1,AESOA1,AESOA1,MANACA INFRA FIRF
TIET29,TIET29,TIET29,MANACA INFRA FIRF
AESOA1,AESOA1,AESOA1,TOPAZIO INFRA
TIET29,TIET29,TIET29,TOPAZIO INFRA
AERI12,AERI12,AERI12,BH FIRF INFRA
AERI12,AERI12,AERI12,BORDEAUX INFRA
AERI12,AERI12,AERI12,FIRF GERAES
AERI12,AERI12,AERI12,FIRF GERAES 30
AERI12,AERI12,AERI12,TOPAZIO INFRA
AEGPA0,AEGPA0,AEGPA0,BH FIRF INFRA
AEGPA0,AEGPA0,AEGPA0,BORDEAUX INFRA
AEGP19,AEGP19,AEGP19,FIRF GERAES
AEGP19,AEGP19,AEGP19,FIRF GERAES 30
RRRP14,RRRP14,RRRP14,BH FIRF INFRA
RRRP14,RRRP14,RRRP14,FIRF GERAES
RRRP14,RRRP14,RRRP14,FIRF GERAES 30
CRI VIC Engenharia,CRIVICENGENHARIA,CRIVICENGENHARIA,BH FIRF INFRA
CRI VIC Engenharia,CRIVICENGENHARIA,CRIVICENGENHARIA,HORIZONTE
CRI VIC Engenharia,CRIVICENGENHARIA,CRIVICENGENHARIA,MANACA INFRA FIRF
CRI Vic Engenharia 1ª Emissão,,,BH FIRF INFRA
CRI PERNAMBUCO 35ª (23J1753853),,,BH FIRF INFRA
CRI Vic Engenharia 1ª Emissão,,,BORDEAUX INFRA
CRI Vic Engenharia 1ª Emissão,,,HORIZONTE
CRI PERNAMBUCO 35ª (23J1753853),,,HORIZONTE
CRI Bem Brasil,CRIBEMBRASIL,CRIBEMBRASIL,BH FIRF INFRA
CRA Ferroeste 2ª Série,CRAFERROESTE2ASERIE,CRAFERROESTE2ASERIE,BH FIRF INFRA
CRA Ferroeste 2ª Série,CRAFERROESTE2ASERIE,CRAFERROESTE2ASERIE,FIRF GERAES
CRA Ferroeste 2ª Série,CRAFERROESTE2ASERIE,CRAFERROESTE2ASERIE,FIRF GERAES 30
CRA Ferroeste 2ª Série,CRAFERROESTE2ASERIE,CRAFERROESTE2ASERIE,HORIZONTE
USG98239AB55,USG98239AB55,USG98239AB55,GLOBAL BONDS
VAMOBZ00001,VAMOBZ00001,VAMOBZ00001,GLOBAL BONDS
VAMOBZ00001,VAMOBZ00001,VAMOBZ00001,HORIZONTE
CORURI27,CORURI27,CORURI27,HORIZONTE
Unigel nota dinheiro novo,,,GLOBAL BONDS
Unigel nota reestruturada,,,GLOBAL BONDS
Unigel nota participativa,,,GLOBAL BONDS
Unigel nota dinheiro novo,,,HORIZONTE
Unigel nota reestruturada,,,HORIZONTE
Unigel nota participativa,,,HORIZONTE
TUPY31,TUPY31,TUPY31,GLOBAL BONDS
SIMHBZ31,SIMHBZ31,SIMHBZ31,GLOBAL BONDS
NATURA29,NATURA29,NATURA29,HORIZONTE
USL65266AC91,USL65266AC91,USL65266AC91,GLOBAL BONDS
MOVIBZ00001,MOVIBZ00001,MOVIBZ00001,HORIZONTE
USP8T88JAA61,USP8T88JAA61,USP8T88JAA61,GLOBAL BONDS
USG588,USG588,USG588,HORIZONTE
IOCMXW28,IOCMXW28,IOCMXW28,GLOBAL BONDS
ECOPET43,ECOPET43,ECOPET43,GLOBAL BONDS
CSANBZ PERP,CSANBZPERP,CSANBZPERP,GLOBAL BONDS
CSANBZ PERP,CSANBZPERP,CSANBZPERP,HORIZONTE
BANORT 7 ⅝ PERP,BANORT758PERP,BANORT758PERP,GLOBAL BONDS
BCOLO27,BCOLO27,BCOLO27,GLOBAL BONDS
760199,760199,760199,ALFA HORIZON FIA
760199,760199,760199,BBRASIL FIM CP RESP
950199,950199,950199,FIA MINAS
760199,760199,760199,FIRF GERAES 30
100000,100000,100000,HORIZONTE
210100,210100,210100,MANACA INFRA FIRF
950199,950199,950199,MINAS O.N.E. FIA
760199,760199,760199,ROMEU FC FIM CP IE
950199,950199,950199,BH FIRF INFRA
950199,950199,950199,BORDEAUX INFRA
950199,950199,950199,FIRF GERAES
950199,950199,950199,TOPAZIO INFRA
210100,210100,210100,AF DEB INCENTIVADAS
210100,210100,210100,MINAS DIVIDENDOS
CDB3253PPYA,CDB3253PPYA,CDB3253PPYA,BH FIRF INFRA
CDB3253PPYA,CDB3253PPYA,CDB3253PPYA,FIRF GERAES
CDB1256KW68,CDB1256KW68,CDB1256KW68,FIRF GERAES
CDB1256KW6A,CDB1256KW6A,CDB1256KW6A,FIRF GERAES 30
CDB3253PPYA,CDB3253PPYA,CDB3253PPYA,FIRF GERAES 30
CDB1256KW65,CDB1256KW65,CDB1256KW65,MANACA INFRA FIRF
CDB3253PPYA,CDB3253PPYA,CDB3253PPYA,MANACA INFRA FIRF
CDB725A9XNR,CDB725A9XN,CDB725A9XN,BMG SEG
CDB725A9XNR,CDB725A9XN,CDB725A9XN,FIRF GERAES
CDB725A9XNR,CDB725A9XN,CDB725A9XN,FIRF GERAES 30
CDB7254AIF6,CDB7254AIF6,CDB7254AIF6,FIRF GERAES
CDB7254AIF6,CDB7254AIF6,CDB7254AIF6,FIRF GERAES 30
CDB7254AIF6,CDB7254AIF6,CDB7254AIF6,HORIZONTE
CDB9258SUWD,CDB9258SUWD,CDB9258SUWD,FIRF GERAES
CDB9258SUWD,CDB9258SUWD,CDB9258SUWD,FIRF GERAES 30
CDB424EERW3,CDB424EERW,CDB424EERW,BBRASIL FIM CP RESP
CDB925CDN0L,CDB925CDN0,CDB925CDN0,BBRASIL FIM CP RESP
CDB725BEF4D,CDB725BEF4,CDB725BEF4,BMG SEG
CDB725BEF4B,CDB725BEF4,CDB725BEF4,FIRF GERAES
CDB725BEF4E,CDB725BEF4,CDB725BEF4,FIRF GERAES 30
CDB725BEF4C,CDB725BEF4,CDB725BEF4,HORIZONTE
CDB7257QUDI,CDB7257QUDI,CDB7257QUDI,BMG SEG
CDB7257QUDG,CDB7257QUDG,CDB7257QUDG,FIRF GERAES
CDB7257QUDH,CDB7257QUDH,CDB7257QUDH,FIRF GERAES 30
CDB3239C4TL,CDB3239C4TL,CDB3239C4TL,BBRASIL FIM CP RESP
CDB3251WXH0,CDB3251WXH0,CDB3251WXH0,BH FIRF INFRA
CDB3251WXH0,CDB3251WXH0,CDB3251WXH0,FIRF GERAES
CDB3251WXH0,CDB3251WXH0,CDB3251WXH0,FIRF GERAES 30
CDB3251WXH0,CDB3251WXH0,CDB3251WXH0,TOPAZIO INFRA
CAIXA,,,AF DEB INCENTIVADAS
CAIXA,,,ALFA HORIZON FIA
CAIXA,,,BBRASIL FIM CP RESP
CAIXA,,,BH FIRF INFRA
CAIXA,,,BMG SEG
CAIXA,,,BORDEAUX INFRA
CAIXA,,,FIA MINAS
CAIXA,,,FIRF GERAES
CAIXA,,,FIRF GERAES 30
CAIXA,,,GLOBAL BONDS
CAIXA,,,HORIZONTE
CAIXA,,,MANACA INFRA FIRF
CAIXA,,,MINAS DIVIDENDOS
CAIXA,,,MINAS O.N.E. FIA
CAIXA,,,ROMEU FC FIM CP IE
CAIXA,,,TOPAZIO INFRA
YDUQ3,,,ALFA HORIZON FIA
YDUQ3,,,FIA MINAS
YDUQ3,,,MINAS O.N.E. FIA
VTRU3,,,ALFA HORIZON FIA
VTRU3,,,FIA MINAS
VAMO3,,,ALFA HORIZON FIA
VAMO3,,,FIA MINAS
SUZB3,,,ALFA HORIZON FIA
SUZB3,,,FIA MINAS
SIMH3,,,FIA MINAS
PRIO3,,,ALFA HORIZON FIA
PETR4,,,MINAS DIVIDENDOS
MOVI3,,,ALFA HORIZON FIA
MOVI3,,,FIA MINAS
MOVI3,,,MINAS O.N.E. FIA
MELK3,,,FIA MINAS
MELK3,,,MINAS DIVIDENDOS
AMER3,,,GLOBAL BONDS
AMER3,,,HORIZONTE
LOGG3,,,ALFA HORIZON FIA
LOGG3,,,FIA MINAS
LOGG3,,,MINAS DIVIDENDOS
KLBN11,KLBN11,KLBN11,ALFA HORIZON FIA
KLBN11,KLBN11,KLBN11,MINAS DIVIDENDOS
ITSA4,,,ALFA HORIZON FIA
ITSA4,,,MINAS DIVIDENDOS
LQD US,,,HORIZONTE
GOLD11,GOLD11,GOLD11,HORIZONTE
BMEF11,BMEF11,BMEF11,GLOBAL BONDS
BBAS3,,,MINAS DIVIDENDOS
ABCB4,,,ALFA HORIZON FIA
ABCB4,,,MINAS DIVIDENDOS
ANIM3,,,ALFA HORIZON FIA
ANIM3,,,FIA MINAS
AMER11,AMER11,AMER11,GLOBAL BONDS
AMER11,AMER11,AMER11,HORIZONTE
ALOS3,,,MINAS DIVIDENDOS
TIP US,,,GLOBAL BONDS
TLT US,,,GLOBAL BONDS
US8605701189,US8605701189,US8605701189,GLOBAL BONDS
TIP US,,,HORIZONTE
US8605701189,US8605701189,US8605701189,HORIZONTE
